"country","year","life","rank"
"Japan","1952","63.03","1st"
"Hong Kong, China","1952","60.96","2nd"
"Singapore","1952","60.396","3rd"
"Taiwan","1952","58.5","4th"
"Thailand","1952","50.848","5th"
"Malaysia","1952","48.463","6th"
"Philippines","1952","47.752","7th"
"Korea, Rep.","1952","47.453","8th"
"China","1952","44.0","9th"
"Vietnam","1952","40.412","10th"
"Indonesia","1952","37.468","11th"
"India","1952","37.373","12th"
"Japan","1957","65.5","1st"
"Hong Kong, China","1957","64.75","2nd"
"Singapore","1957","63.179","3rd"
"Taiwan","1957","62.4","4th"
"Thailand","1957","53.63","5th"
"Korea, Rep.","1957","52.681","6th"
"Malaysia","1957","52.102","7th"
"Philippines","1957","51.334","8th"
"China","1957","50.54896","9th"
"Vietnam","1957","42.887","10th"
"India","1957","40.249","11th"
"Indonesia","1957","39.918","12th"
"Japan","1962","68.73","1st"
"Hong Kong, China","1962","67.65","2nd"
"Singapore","1962","65.798","3rd"
"Taiwan","1962","65.2","4th"
"Thailand","1962","56.061","5th"
"Malaysia","1962","55.737","6th"
"Korea, Rep.","1962","55.292","7th"
"Philippines","1962","54.757","8th"
"Vietnam","1962","45.363","9th"
"China","1962","44.50136","10th"
"India","1962","43.605","11th"
"Indonesia","1962","42.518","12th"
"Japan","1967","71.43","1st"
"Hong Kong, China","1967","70.0","2nd"
"Singapore","1967","67.946","3rd"
"Taiwan","1967","67.5","4th"
"Malaysia","1967","59.371","5th"
"China","1967","58.38112","6th"
"Thailand","1967","58.285","7th"
"Korea, Rep.","1967","57.716","8th"
"Philippines","1967","56.393","9th"
"Vietnam","1967","47.838","10th"
"India","1967","47.193","11th"
"Indonesia","1967","45.964","12th"
"Japan","1972","73.42","1st"
"Hong Kong, China","1972","72.0","2nd"
"Singapore","1972","69.521","3rd"
"Taiwan","1972","69.39","4th"
"China","1972","63.11888","5th"
"Malaysia","1972","63.01","6th"
"Korea, Rep.","1972","62.612","7th"
"Thailand","1972","60.405","8th"
"Philippines","1972","58.065","9th"
"India","1972","50.651","10th"
"Vietnam","1972","50.254","11th"
"Indonesia","1972","49.203","12th"
"Japan","1977","75.38","1st"
"Hong Kong, China","1977","73.6","2nd"
"Singapore","1977","70.795","3rd"
"Taiwan","1977","70.59","4th"
"Malaysia","1977","65.256","5th"
"Korea, Rep.","1977","64.766","6th"
"China","1977","63.96736","7th"
"Thailand","1977","62.494","8th"
"Philippines","1977","60.06","9th"
"Vietnam","1977","55.764","10th"
"India","1977","54.208","11th"
"Indonesia","1977","52.702","12th"
"Japan","1982","77.11","1st"
"Hong Kong, China","1982","75.45","2nd"
"Taiwan","1982","72.16","3rd"
"Singapore","1982","71.76","4th"
"Malaysia","1982","68.0","5th"
"Korea, Rep.","1982","67.123","6th"
"China","1982","65.525","7th"
"Thailand","1982","64.597","8th"
"Philippines","1982","62.082","9th"
"Vietnam","1982","58.816","10th"
"India","1982","56.596","11th"
"Indonesia","1982","56.159","12th"
"Japan","1987","78.67","1st"
"Hong Kong, China","1987","76.2","2nd"
"Singapore","1987","73.56","3rd"
"Taiwan","1987","73.4","4th"
"Korea, Rep.","1987","69.81","5th"
"Malaysia","1987","69.5","6th"
"China","1987","67.274","7th"
"Thailand","1987","66.084","8th"
"Philippines","1987","64.151","9th"
"Vietnam","1987","62.82","10th"
"Indonesia","1987","60.137","11th"
"India","1987","58.553","12th"
"Japan","1992","79.36","1st"
"Hong Kong, China","1992","77.601","2nd"
"Singapore","1992","75.788","3rd"
"Taiwan","1992","74.26","4th"
"Korea, Rep.","1992","72.244","5th"
"Malaysia","1992","70.693","6th"
"China","1992","68.69","7th"
"Vietnam","1992","67.662","8th"
"Thailand","1992","67.298","9th"
"Philippines","1992","66.458","10th"
"Indonesia","1992","62.681","11th"
"India","1992","60.223","12th"
"Japan","1997","80.69","1st"
"Hong Kong, China","1997","80.0","2nd"
"Singapore","1997","77.158","3rd"
"Taiwan","1997","75.25","4th"
"Korea, Rep.","1997","74.647","5th"
"Malaysia","1997","71.938","6th"
"Vietnam","1997","70.672","7th"
"China","1997","70.426","8th"
"Philippines","1997","68.564","9th"
"Thailand","1997","67.521","10th"
"Indonesia","1997","66.041","11th"
"India","1997","61.765","12th"
"Japan","2002","82.0","1st"
"Hong Kong, China","2002","81.495","2nd"
"Singapore","2002","78.77","3rd"
"Korea, Rep.","2002","77.045","4th"
"Taiwan","2002","76.99","5th"
"Malaysia","2002","73.044","6th"
"Vietnam","2002","73.017","7th"
"China","2002","72.028","8th"
"Philippines","2002","70.303","9th"
"Indonesia","2002","68.588","10th"
"Thailand","2002","68.564","11th"
"India","2002","62.879","12th"
"Japan","2007","82.603","1st"
"Hong Kong, China","2007","82.208","2nd"
"Singapore","2007","79.972","3rd"
"Korea, Rep.","2007","78.623","4th"
"Taiwan","2007","78.4","5th"
"Vietnam","2007","74.249","6th"
"Malaysia","2007","74.241","7th"
"China","2007","72.961","8th"
"Philippines","2007","71.688","9th"
"Indonesia","2007","70.65","10th"
"Thailand","2007","70.616","11th"
"India","2007","64.698","12th"
