"country","year","life","world","gap","side"
"Japan","1952","63.03","45.14","17.89","Above"
"Japan","1957","65.5","48.36","17.14","Above"
"Japan","1962","68.73","50.88","17.85","Above"
"Japan","1967","71.43","53.83","17.6","Above"
"Japan","1972","73.42","56.53","16.89","Above"
"Japan","1977","75.38","59.67","15.71","Above"
"Japan","1982","77.11","62.44","14.67","Above"
"Japan","1987","78.67","65.83","12.84","Above"
"Japan","1992","79.36","67.7","11.66","Above"
"Japan","1997","80.69","69.39","11.3","Above"
"Japan","2002","82.0","70.83","11.17","Above"
"Japan","2007","82.603","71.94","10.663","Above"
"Hong Kong, China","1952","60.96","45.14","15.82","Above"
"Hong Kong, China","1957","64.75","48.36","16.39","Above"
"Hong Kong, China","1962","67.65","50.88","16.77","Above"
"Hong Kong, China","1967","70.0","53.83","16.17","Above"
"Hong Kong, China","1972","72.0","56.53","15.47","Above"
"Hong Kong, China","1977","73.6","59.67","13.93","Above"
"Hong Kong, China","1982","75.45","62.44","13.01","Above"
"Hong Kong, China","1987","76.2","65.83","10.37","Above"
"Hong Kong, China","1992","77.601","67.7","9.901","Above"
"Hong Kong, China","1997","80.0","69.39","10.61","Above"
"Hong Kong, China","2002","81.495","70.83","10.665","Above"
"Hong Kong, China","2007","82.208","71.94","10.268","Above"
"Singapore","1952","60.396","45.14","15.256","Above"
"Singapore","1957","63.179","48.36","14.819","Above"
"Singapore","1962","65.798","50.88","14.918","Above"
"Singapore","1967","67.946","53.83","14.116","Above"
"Singapore","1972","69.521","56.53","12.991","Above"
"Singapore","1977","70.795","59.67","11.125","Above"
"Singapore","1982","71.76","62.44","9.32","Above"
"Singapore","1987","73.56","65.83","7.73","Above"
"Singapore","1992","75.788","67.7","8.088","Above"
"Singapore","1997","77.158","69.39","7.768","Above"
"Singapore","2002","78.77","70.83","7.94","Above"
"Singapore","2007","79.972","71.94","8.032","Above"
"Korea, Rep.","1952","47.453","45.14","2.313","Above"
"Korea, Rep.","1957","52.681","48.36","4.321","Above"
"Korea, Rep.","1962","55.292","50.88","4.412","Above"
"Korea, Rep.","1967","57.716","53.83","3.886","Above"
"Korea, Rep.","1972","62.612","56.53","6.082","Above"
"Korea, Rep.","1977","64.766","59.67","5.096","Above"
"Korea, Rep.","1982","67.123","62.44","4.683","Above"
"Korea, Rep.","1987","69.81","65.83","3.98","Above"
"Korea, Rep.","1992","72.244","67.7","4.544","Above"
"Korea, Rep.","1997","74.647","69.39","5.257","Above"
"Korea, Rep.","2002","77.045","70.83","6.215","Above"
"Korea, Rep.","2007","78.623","71.94","6.683","Above"
"Taiwan","1952","58.5","45.14","13.36","Above"
"Taiwan","1957","62.4","48.36","14.04","Above"
"Taiwan","1962","65.2","50.88","14.32","Above"
"Taiwan","1967","67.5","53.83","13.67","Above"
"Taiwan","1972","69.39","56.53","12.86","Above"
"Taiwan","1977","70.59","59.67","10.92","Above"
"Taiwan","1982","72.16","62.44","9.72","Above"
"Taiwan","1987","73.4","65.83","7.57","Above"
"Taiwan","1992","74.26","67.7","6.56","Above"
"Taiwan","1997","75.25","69.39","5.86","Above"
"Taiwan","2002","76.99","70.83","6.16","Above"
"Taiwan","2007","78.4","71.94","6.46","Above"
"Vietnam","1952","40.412","45.14","-4.728","Below"
"Vietnam","1957","42.887","48.36","-5.473","Below"
"Vietnam","1962","45.363","50.88","-5.517","Below"
"Vietnam","1967","47.838","53.83","-5.992","Below"
"Vietnam","1972","50.254","56.53","-6.276","Below"
"Vietnam","1977","55.764","59.67","-3.906","Below"
"Vietnam","1982","58.816","62.44","-3.624","Below"
"Vietnam","1987","62.82","65.83","-3.01","Below"
"Vietnam","1992","67.662","67.7","-0.038","Below"
"Vietnam","1997","70.672","69.39","1.282","Above"
"Vietnam","2002","73.017","70.83","2.187","Above"
"Vietnam","2007","74.249","71.94","2.309","Above"
"Malaysia","1952","48.463","45.14","3.323","Above"
"Malaysia","1957","52.102","48.36","3.742","Above"
"Malaysia","1962","55.737","50.88","4.857","Above"
"Malaysia","1967","59.371","53.83","5.541","Above"
"Malaysia","1972","63.01","56.53","6.48","Above"
"Malaysia","1977","65.256","59.67","5.586","Above"
"Malaysia","1982","68.0","62.44","5.56","Above"
"Malaysia","1987","69.5","65.83","3.67","Above"
"Malaysia","1992","70.693","67.7","2.993","Above"
"Malaysia","1997","71.938","69.39","2.548","Above"
"Malaysia","2002","73.044","70.83","2.214","Above"
"Malaysia","2007","74.241","71.94","2.301","Above"
"China","1952","44.0","45.14","-1.14","Below"
"China","1957","50.54896","48.36","2.189","Above"
"China","1962","44.50136","50.88","-6.379","Below"
"China","1967","58.38112","53.83","4.551","Above"
"China","1972","63.11888","56.53","6.589","Above"
"China","1977","63.96736","59.67","4.297","Above"
"China","1982","65.525","62.44","3.085","Above"
"China","1987","67.274","65.83","1.444","Above"
"China","1992","68.69","67.7","0.99","Above"
"China","1997","70.426","69.39","1.036","Above"
"China","2002","72.028","70.83","1.198","Above"
"China","2007","72.961","71.94","1.021","Above"
"Philippines","1952","47.752","45.14","2.612","Above"
"Philippines","1957","51.334","48.36","2.974","Above"
"Philippines","1962","54.757","50.88","3.877","Above"
"Philippines","1967","56.393","53.83","2.563","Above"
"Philippines","1972","58.065","56.53","1.535","Above"
"Philippines","1977","60.06","59.67","0.39","Above"
"Philippines","1982","62.082","62.44","-0.358","Below"
"Philippines","1987","64.151","65.83","-1.679","Below"
"Philippines","1992","66.458","67.7","-1.242","Below"
"Philippines","1997","68.564","69.39","-0.826","Below"
"Philippines","2002","70.303","70.83","-0.527","Below"
"Philippines","2007","71.688","71.94","-0.252","Below"
"Indonesia","1952","37.468","45.14","-7.672","Below"
"Indonesia","1957","39.918","48.36","-8.442","Below"
"Indonesia","1962","42.518","50.88","-8.362","Below"
"Indonesia","1967","45.964","53.83","-7.866","Below"
"Indonesia","1972","49.203","56.53","-7.327","Below"
"Indonesia","1977","52.702","59.67","-6.968","Below"
"Indonesia","1982","56.159","62.44","-6.281","Below"
"Indonesia","1987","60.137","65.83","-5.693","Below"
"Indonesia","1992","62.681","67.7","-5.019","Below"
"Indonesia","1997","66.041","69.39","-3.349","Below"
"Indonesia","2002","68.588","70.83","-2.242","Below"
"Indonesia","2007","70.65","71.94","-1.29","Below"
"Thailand","1952","50.848","45.14","5.708","Above"
"Thailand","1957","53.63","48.36","5.27","Above"
"Thailand","1962","56.061","50.88","5.181","Above"
"Thailand","1967","58.285","53.83","4.455","Above"
"Thailand","1972","60.405","56.53","3.875","Above"
"Thailand","1977","62.494","59.67","2.824","Above"
"Thailand","1982","64.597","62.44","2.157","Above"
"Thailand","1987","66.084","65.83","0.254","Above"
"Thailand","1992","67.298","67.7","-0.402","Below"
"Thailand","1997","67.521","69.39","-1.869","Below"
"Thailand","2002","68.564","70.83","-2.266","Below"
"Thailand","2007","70.616","71.94","-1.324","Below"
"India","1952","37.373","45.14","-7.767","Below"
"India","1957","40.249","48.36","-8.111","Below"
"India","1962","43.605","50.88","-7.275","Below"
"India","1967","47.193","53.83","-6.637","Below"
"India","1972","50.651","56.53","-5.879","Below"
"India","1977","54.208","59.67","-5.462","Below"
"India","1982","56.596","62.44","-5.844","Below"
"India","1987","58.553","65.83","-7.277","Below"
"India","1992","60.223","67.7","-7.477","Below"
"India","1997","61.765","69.39","-7.625","Below"
"India","2002","62.879","70.83","-7.951","Below"
"India","2007","64.698","71.94","-7.242","Below"
