"country","year","life"
"Japan","1952","63.03"
"Hong Kong, China","1952","60.96"
"Singapore","1952","60.396"
"Taiwan","1952","58.5"
"Thailand","1952","50.848"
"Malaysia","1952","48.463"
"Philippines","1952","47.752"
"Korea, Rep.","1952","47.453"
"China","1952","44.0"
"Vietnam","1952","40.412"
"Indonesia","1952","37.468"
"India","1952","37.373"
"Japan","2007","82.603"
"Hong Kong, China","2007","82.208"
"Singapore","2007","79.972"
"Korea, Rep.","2007","78.623"
"Taiwan","2007","78.4"
"Vietnam","2007","74.249"
"Malaysia","2007","74.241"
"China","2007","72.961"
"Philippines","2007","71.688"
"Indonesia","2007","70.65"
"Thailand","2007","70.616"
"India","2007","64.698"
